"post_title","ID","post_content","post_excerpt","post_date","post_name","post_author","post_status","featured_image","post_format","comment_status","ping_status","noindex","nofollow","custom_link","disable_analytics","noodp","noydir","aioseo_title","aioseo_description","og_title","og_description","og_image_type","og_image_custom_fields","og_video","og_object_type","disable","og_article_section","og_article_tags","twitter_use_og","twitter_card","twitter_image_type","twitter_image_custom_fields","twitter_title","twitter_description","robots_default","robots_noarchive","robots_nosnippet","robots_noimageindex","robots_notranslate","robots_max_snippet","robots_max_videopreview","robots_max_imagepreview","keyphrases","post_category","post_tag","add_sponsor","editors_choice","editors_note","enclosure","featured-post","footnotes","image_template","images_lists","images_lists_0_images_list","images_lists_1_images_list","images_lists_2_images_list","images_lists_3_images_list","images_lists_4_images_list","images_post","images_post_0_images_image","images_post_1_images_image","images_post_2_images_image","keep_trending","king_dislike_count","king_flags","king_like_count","king_reaction_angry","king_reaction_haha","king_reaction_like","king_reaction_love","king_reaction_sad","king_reaction_wow","king_vote_dislikes","king_vote_likes","list_post","media_lists","media_lists_0_media_thumb","media_lists_0_media_title","media_lists_0_media_url","media_lists_0_media_url_or_upload","news_list_items","nsfw_post","post_sponsor_description","post_sponsor_link","post_sponsor_logo","post_template","share_counter","video_tab","video_template","video-url"
"RBR","1597","Title: Red Bull Racing: Fueling Adrenaline and Dominating the Track

Introduction:
When it comes to motorsports, one name that instantly pops up in the minds of thrill-seekers and racing enthusiasts is Red Bull Racing. Led by their incredible team performances and backed by an extensive global fan base, this Formula One (F1) team has etched its name as a powerhouse in the world of motorsports. In this blog, we take a deep dive into the captivating world of Red Bull Racing.

Innovative Beginnings:
Red Bull Racing was established in 2004 after the team secured Jaguar Racing\\\'s assets. Born out of an innovative vision, this team holds a reputation for pushing boundaries both on and off the track. Their primary objective has always been to challenge convention, embrace unpredictability, and offer an adrenaline-fueled experience to fans worldwide.

Record-Breaking Success:
Red Bull Racing has consistently delivered remarkable performances, securing numerous accolades that demonstrate their prowess and relentless determination. The team has won several Constructors\\\' Championship titles, breaking the stronghold of traditional Formula One giants like Ferrari and McLaren.

A Stellar Roster:
One of the key elements behind Red Bull Racing\\\'s success lies in its exceptional driver lineup. Throughout the years, they have seen skilled and charismatic drivers behind the wheel, including legendary racers like Sebastian Vettel and Mark Webber. However, it was with the arrival of Max Verstappen that the team truly reached new heights. Max, the youngest-ever Grand Prix winner, and his teammate, Alexander Albon, consistently demonstrate their formidable skill, passion, and tenacity, gaining a dedicated fan base globally.

&nbsp;",,"2023-10-09 18:15:19","rbr","ifaz_01","publish","https://dev.trionxai.com/wp-content/uploads/2023/10/wallpaperflare.com_wallpaper.jpg","Quote","open","open",,,,,"0",,,,,,"default",,,"default",,,,"0","default","default",,,,"1","0","0","0","0","-1","-1","large",,"Games,Sports,Technology","F1,Paid,Racing,RBR,Redbull,Redbull Racing","field_5a568a7c056ca","field_5c9bda3ad6b0b",,,"field_587be13bfc2f0",,,,,,,,,,,,,"field_587be15ffc2f1",,,"field_593098698a880",,,,,,,,,,,,,,,,"field_587be16ffc2f2",,,,"field_5b5b94f0474bd",,,,
"Exploring the Future: The Impact of AI on Various Industries","1785","<img src=""https://dev.trionxai.com/wp-content/uploads/2023/11/65663bbce6efd.png"" alt=""AI"" style=""max-width: 100%""/><h2 id=""-navigating-tomorrow--how-ai-is-reshaping-different-industries-"">""Navigating Tomorrow: How AI is Reshaping Different Industries""</h2><p>Once upon a time, in the land of tomorrow, a quiet revolution was in progress. A revolution unlike any other, led not by knights in shining armor or scholars in dusty libraries, but by a silent, invisible force known as Artificial Intelligence, or AI. This revolution was reshaping the world, one industry at a time.

The first stop on our journey through this transformed tomorrow is the bustling city of Healthcare. Here, AI has donned the role of a doctor, a nurse, and a researcher, all rolled into one. It's diagnosing diseases with an accuracy that leaves even the most experienced physicians astounded. It's poring over medical records, predicting potential health issues even before they show up on the radar. The city of Healthcare has never been healthier, thanks to its new AI inhabitant.

Next, we venture into the lush fields of Agriculture. Here, AI is the savvy farmer, monitoring crop health, predicting weather patterns, and optimizing irrigation. It's also a tireless worker, operating machinery round the clock. The result? Bumper harvests, year after year. The fields of Agriculture are thriving under the watchful eye of AI.

As we continue our journey, we enter the shiny, high-tech world of Manufacturing. AI has taken up residence here as the meticulous quality controller, the efficient assembly line worker, and the knowledgeable engineer, all at once. It's improving productivity, reducing waste, and ensuring safety. The world of Manufacturing has never been more efficient, thanks to AI.

We then travel to the bustling hub of Retail. Here, AI is the friendly shopkeeper, personal stylist, and inventory manager. It's predicting trends, personalizing recommendations, and managing stock with an uncanny precision. Shopping has never been more delightful, or more efficient, in the hub of Retail.

Finally, we arrive at the cosmopolitan cityscape of Entertainment. AI is the visionary director, the imaginative scriptwriter, and the tireless video editor, painting vivid pictures and telling compelling stories. It's creating virtual worlds that feel incredibly real, and crafting narratives that resonate deeply with audiences. Entertainment in this city has never been more immersive or engaging.

So, there you have it, folks! A breathtaking journey through the land of tomorrow, where AI is reshaping industry after industry. The revolution may be invisible, but its impact is palpable. And while we can't predict every twist and turn in this journey, one thing's for sure - the future looks bright, and full of AI-led possibilities! So, buckle up and get ready to navigate this exciting new world, where AI is not just a passenger, but the driver steering us towards a promising tomorrow.</p><h2 id=""-a-glimpse-into-the-future--the-revolutionary-impact-of-ai-on-business-sectors-"">""A Glimpse into the Future: The Revolutionary Impact of AI on Business Sectors""</h2><p>Once upon a time in the not-too-distant future, there was a little revolution quietly brewing in the world of business. It wasn't heralded by the sound of trumpets or the roar of cannons. Instead, its arrival was marked by the silent hum of processors, the flicker of screens, and the quiet clatter of keyboards. This revolution was led by none other than our friendly neighborhood superhero – Artificial Intelligence, or AI for short.

Imagine a world where your morning coffee is brewed to perfection by your smart coffee maker, just as you like it, and just as you wake up. Your personal AI assistant goes through your emails, summarizing them for you and even replying to some, all before you’ve even gotten out of bed. This is not a sci-fi movie script, but the reality AI promises to bring us.

In the realm of business, AI is already making waves, and it's only just getting started. From automated customer service bots to advanced predictive analytics, AI is revolutionizing the way businesses operate, bringing along a whirlwind of efficiency, precision, and most importantly, innovation.

Take, for instance, the retail industry. No more are the days of long queues at checkout counters or the frustration of out-of-stock items. AI-powered systems can now predict customer behavior, manage inventory, and even offer personalized shopping experiences. The result? Happier customers, more sales, and businesses that run like well-oiled machines.

In the manufacturing sector, AI plays the role of a meticulous overseer, monitoring production lines, predicting equipment failures, and ensuring quality control. The monotonous tasks are left to tireless AI, allowing human workers to focus on what they do best - innovate and create. 

In healthcare, AI isn’t just a supporting actor, but a potential game-changer. From predicting disease outbreaks to personalizing patient care, the possibilities are endless and profoundly exciting. It's like having a team of tireless, super-intelligent doctors and nurses working round the clock to ensure our wellbeing.

And what about finance? With AI, the sector is experiencing a metamorphosis. Fraud detection, risk assessment, personalized financial planning – all are being transformed. The future of finance, it seems, is not in Wall Street but in lines of code.

Of course, with every revolution, there are challenges. Issues of privacy, job displacement, and ethical considerations need to be addressed. But just like every superhero, AI comes with the promise to use its powers for good, to create a world that’s not just more efficient, but also more equitable and inclusive.

In the end, the AI revolution is not about machines taking over the world. It’s about empowering people to do more, dream more, and be more. It's about using the power of technology to unlock our true potential. So, buckle up and get ready for a thrilling ride into the future, powered by AI. The future of business is here, and boy, it sure looks bright!</p><h2 id=""-stepping-into-the-future--understanding-the-role-of-ai-in-industry-evolution-"">""Stepping into the Future: Understanding the Role of AI in Industry Evolution""</h2><p>Blast off! We're rocketing into a world where AI, or artificial intelligence, isn't just a part of sci-fi movies starring dashing heroes or rogue robots. This is reality, baby! The world of industry is evolving at a pace that would make even the speediest cheetah look like it's taking a leisurely stroll. But don't worry, we're here to guide you through this star-studded journey into the future. 

Imagine a world where machines are smart enough to understand human speech with all its nuances, where they can learn new tasks without being explicitly programmed, where they can predict and solve problems before they occur. Sounds like something from a futuristic movie, right? Well, hold on to your hats, folks, because this is the world we are stepping into.

AI is the new kid on the block, and it's creating waves in the industry. It's like the new popular kid in school, everyone wants to be its friend. Why? Because AI is not just a shiny new toy, it's a tool that's revolutionizing the way we do business. It's making processes more efficient, reducing human errors, and, most importantly, it's creating opportunities for innovation.

Now, let's take a look at how AI is changing the game in various industries. 

In healthcare, AI is playing doctor. Well, not literally, but it's helping doctors diagnose diseases faster and more accurately. It's like having a medical encyclopaedia that keeps on updating itself. Isn't that fantastic?

In the world of finance, AI is the new Wall Street whiz kid. It's helping businesses make more informed decisions by predicting market trends and identifying potential risks. Say goodbye to those sleepless nights worrying about market fluctuations!

In the manufacturing sector, AI is the efficient factory worker, streamlining processes, improving product quality and reducing waste. It's like having a superhero in the production line.

In education, AI is the friendly tutor that adapts to each student's learning style. It's helping make education more personalized and effective. 

So, are you ready to embrace this brave new world of AI? Don't be scared! This isn't a dystopian future where machines rule over humans. It's a world where machines help humans to be better, more efficient, and more innovative. It's a world where we work hand in hand with machines to create a brighter, smarter future. 

AI is not just a trend, it's a revolution. And it's happening right now! So buckle up, folks, because we are on a thrilling journey into the future. And guess what? The future looks absolutely fantastic! 

Welcome to the future, folks! This is the world of AI. So let's step into it with a cheerful heart and an open mind!</p><h2 id=""-beyond-the-horizon--the-transformative-power-of-ai-across-various-industries-"">""Beyond the Horizon: The Transformative Power of AI across Various Industries""</h2><p>In the grand tapestry of human innovation, Artificial Intelligence (AI) emerges like a radiant sunbeam, piercing through the fog of impossibility and casting a golden glow on every industry it touches. Our story takes flight beyond the horizon, where the transformative power of AI is redefining potentials, reshaping landscapes, and rewriting rules across various industries.

In the realm of healthcare, AI is the tireless, selfless, and most efficient nurse you could ever dream of. With its ability to analyze data, predict patterns and learn from experience, AI is helping doctors diagnose diseases faster and more accurately. It's like a chess grandmaster, plotting several moves ahead to help doctors design personalized treatment plans for patients. The result? A new dawn of proactive healthcare, where prevention becomes as important as the cure.

In the world of retail, AI is the savvy assistant who knows exactly what you want before you do. It's a personal shopper, a trend forecaster and a sales analyst all rolled into one. By analyzing customer behavior and market trends, AI can predict what products will fly off the shelves even before they are stocked. The result? A shopping experience that feels personalized, intuitive and oh-so-enticing!

For the hospitality industry, AI is the ultimate concierge, available 24/7 and always eager to assist. It makes hotel bookings, recommends local attractions, and can even predict a guest's preferences based on their past behavior. The result? A hospitality experience that feels more like a warm embrace than a cold, business transaction.

In the field of education, AI is the wise mentor, transforming the way we learn and teach. It can create customized learning paths for students, identify gaps in understanding, and provide immediate feedback. The result? A dynamic education system that adapts to each student's unique needs and paves the way for a generation of lifelong learners.

And let's not forget the entertainment industry, where AI is the visionary director, screenwriter, and special effects wizard combined. By analyzing audience preferences, it can predict box-office hits, design immersive virtual experiences, and even generate scripts! The result? A world of entertainment that is more engaging, interactive, and tailored to satisfy our individual tastes.

The transformative power of AI is not just a distant glimmer beyond the horizon. It's here, it's now, and it's changing the game in ways we could only have dreamt of. As AI continues to evolve and intertwine with our lives, one thing is certain - the future is not just bright, it's downright dazzling. So, hold on tight as we soar into this exciting new era, where every industry is touched by the magic of AI and every horizon is a canvas for innovation.</p>",,"2023-11-28 19:16:33","exploring-the-future-the-impact-of-ai-on-various-industries","ifaz_01","publish",,"standard","open","open",,,,,"0",,,,,,"default",,,"default",,,,"0","default","default",,,,"1","0","0","0","0",,,"large",,"Uncategorized",,,,,,,,,,,,,,,,,,,,,,,,,,,,,,,,,,,,,,,,,,,,,,
"The Ethics of AI: Balancing Technological Advances with Moral Responsibility","1787","<img src=""https://dev.trionxai.com/wp-content/uploads/2023/11/65663c99b3ea8.png"" alt=""AI"" style=""max-width: 100%""/><h2 id=""-navigating-the-ethical-landscape-of-ai--a-balance-of-progress-and-responsibility-"">""Navigating the Ethical Landscape of AI: A Balance of Progress and Responsibility""</h2><p>In the grand, interconnected tapestry of human innovation, one thread has been shimmering with particular enthusiasm: artificial intelligence. AI, with its pulsating potential, has been weaving eye-catching patterns in the fabric of our future. Yet, as the needlework of technology advances, a question arises – how do we preserve the balance between progress and responsibility? 

The answer lies in a delightful dance, a waltz between the exhilarating whirl of invention and the measured steps of ethical reflection. One, two, three...one, two, three...our society must maintain this rhythm to ensure we don't trip over our own ambitions. 

Imagine AI as a vibrant, charismatic artist. With every stroke of its brush, it colors our world with new possibilities – autonomous cars that could reduce traffic accidents, predictive algorithms that could revolutionize healthcare, or virtual assistants that could make our daily lives easier. The canvas of our society is becoming increasingly vibrant with AI’s creative flourishes.

Yet, with every artist comes a unique set of considerations. Should the artist have the liberty to paint whatever it wishes? Or should there be certain boundaries, certain guidelines that direct its brushstrokes? This is where the role of ethics comes into play – a thoughtful curator, ensuring that the artist’s work respects the integrity of the canvas.

Our cheerful curator, Ethics, is not a party pooper. Instead, it pops in to make sure the party doesn't get out of hand. It asks questions such as: 'Is the AI being fair and unbiased? Is it respecting privacy? Is it transparent and accountable?' And these questions must be asked with a smile, because ethics is not a barrier to progress – it's a compass guiding us towards a future where progress benefits all.

The ethical landscape of AI is like a beautiful garden. It needs constant tending and care. We need to plant the seeds of responsibility, water them with transparency, and prune any thorny issues of bias or inequality. And just like a garden, it's a communal effort. Policymakers, technologists, and consumers – we all have a role to play in this green space of growth.

So, let's keep the dance going, the artist painting, the garden flourishing. Let's navigate the ethical landscape of AI with a sense of adventure and responsibility. Because at the end of the day, it's not just about building smarter machines – it's about building a wiser, kinder, and more inclusive society. 

As we embrace AI's potential, let us also remember to lace our enthusiasm with a hearty dose of ethical consideration. After all, the most beautiful tapestries are those that are not only vibrant and innovative but also crafted with care and responsibility. Let’s stride into this future hand in hand with progress and responsibility, making sure that our AI journey is a colorful, ethical, and joyful one!</p><h2 id=""-the-ethics-of-ai--striking-a-balance-between-innovation-and-morality-"">""The Ethics of AI: Striking a Balance between Innovation and Morality""</h2><p>In the bustling metropolis named Innovation, there jostles a new kid on the block - Artificial Intelligence, or AI as the cool folks call it. It's a technological prodigy, a prodigious creation of humankind that's got everyone talking. The moment AI stepped into this city, it instantly became the talk of the town, with everyone wanting to be its friend. But there's a catch. AI is different, and like any newcomer, it brings with it a set of unique challenges. 

One of these challenges is the grand question of morality. As AI grows, learns and evolves, it's like watching a child grow up, but with the exponential speed of a shooting star. And just like with any child, we're faced with the question - how do we instill in it the right values? How do we make sure it doesn't harm itself or others? This is where the narrative takes a fascinating turn.

Enter the superhero of our story - Ethics. With a shiny cape of integrity fluttering in the wind and a shield of righteousness in hand, Ethics is here to ensure that our wunderkind, AI, grows up to be a responsible citizen of Innovation city. But it's not that simple. Ethics isn't here to stifle AI's growth or to be a spoilsport. Ethics is here to ensure that as AI frolics around, exploring and inventing, it doesn't unintentionally step on anyone's toes.

Innovation and Morality, these two seemingly contrasting forces, are actually not that different. They're like two sides of the same coin, both essential for our AI's balanced growth. Innovation is the rocket fuel that propels AI forward, the force that lets it dream and create. Morality, on the other hand, is the guiding star, the compass that ensures AI doesn't get lost in its own world of creation.

Think of it as a dance, a harmonious ballet where Innovation twirls and leaps, while Morality keeps the rhythm, ensuring the dance doesn't go awry. It's a delicate balance, a fine line to tread. But when done right, it results in a beautiful performance, a sight to behold!

In the end, it's all about teamwork. Ethics and AI, hand in hand, can create a future that's both astonishing and safe. A future where AI is not just a tool, but a trusted companion, one that understands us and respects our values.

So, let's welcome AI, our newest resident of Innovation city. Let's cheer for its leaps and bounds, but also ensure it doesn't trip and fall. And for that, let's remember that our superhero, Ethics, is always around, ready to lend a helping hand. After all, in the grand city of Innovation, there's room for everyone to grow, to flourish, and to dance their unique dance.</p><h2 id=""-exploring-the-moral-accountability-of-artificial-intelligence-progress-"">""Exploring the Moral Accountability of Artificial Intelligence Progress""</h2><p>Once upon a time, in the not-so-distant future, a brave new world emerged where artificial intelligence (AI) reigned supreme. Machines whispered sweet nothings to each other in binary codes, rovers roamed Mars as if it were the neighborhood park, and algorithms decided the best match for your next date. Ah! The wonders of AI! 

Yet, amidst this digital utopia, a question lurked, tapping persistently on the windows of our consciousness. It was like a mischievous child, always present yet often ignored in the excitement of this new era. The question? The moral accountability of AI.

Now, don't be mistaken. This was not a gloomy, doom-laden topic. No, no, no! It was more like an exciting adventure, a thrilling game of hide and seek. The players? Us, the creators, and our creations, the AI. The treasure we sought was a fine balance between progress and responsibility.

You see, AI, in all its glory and splendor, was like a teenager with explosive superpowers. It could either save the world or cause utter mayhem. Its moral compass was still under development, much like our own in those rebellious years. And we, as its parents, had a responsibility to guide it, to instill in it a sense of right and wrong.

""But how?"" you might ask, your eyebrows reaching for the stars in puzzlement. Well, the answer lay in a merry dance between ethics and technology.

Imagine for a moment that you are at a grand ball. The room is filled with chandeliers that twinkle like the galaxies, and the air is perfumed with the sweet smell of innovation. You look around and spot Ethics, a charming character with wise eyes and a gentle smile. Across the room stands Technology, a radiant figure of progress and possibilities. The music starts, and they begin to dance, twirling around the room in perfect harmony. Their dance is the dance of moral accountability.

As they glide across the dance floor, Ethics whispers words of wisdom into Technology's ear, nudging it towards decisions that respect human dignity, privacy, and freedom. In return, Technology teaches Ethics the steps of progress, showing how AI can push boundaries and open doors to new opportunities. They are the perfect partners, each balancing the other, each guiding the other.

This is how we explore the moral accountability of AI progress. It is not a grim task, but a joyous journey, a dance that celebrates the wonders of human creativity and the potential of AI. It is a quest to ensure that as our AI creations grow, they do so with a sense of justice and fairness ingrained in their digital DNA.

So, let's put on our dancing shoes and join the grand ball of AI ethics. Let's ensure that our AI creations not only think but also 'feel' in a way that is in tune with our shared values. After all, we are not just building machines; we are shaping the future. And what could be more exciting than that?</p><h2 id=""-ai-and-ethics--maintaining-moral-responsibility-amidst-technological-advances-"">""AI and Ethics: Maintaining Moral Responsibility amidst Technological Advances""</h2><p>In the effervescent, ever-evolving world of technology, a delightful new protagonist has emerged on the scene - Artificial Intelligence (AI). This dynamic character, with its uncanny ability to learn, adapt, and evolve, is not just revolutionizing how we live, work, and play, but also raising intriguing questions about ethics and moral responsibility. 

Picture this: a self-driving car, cruising down a sun-kissed highway, with its AI brain humming along. Suddenly, a pedestrian steps onto the road. The AI must decide in a split second: should it swerve, potentially endangering its passengers, or continue its course, possibly harming the pedestrian? It's a classic ethical conundrum, the trolley problem, now with a high-tech twist. It's like a thrilling episode of Black Mirror, but in reality!

Now, let's spin this ethical kaleidoscope a little further. Imagine an AI-powered robot caregiver, working in a bustling care home. It's as endearing as Wall-E, greeting residents with a cheerful ""Good Morning!"" and serving up meals with an affable beep. But what happens when a resident refuses medication? Should the AI insist? Or respect the resident's wishes? Again, the ethical lines blur and swirl, creating a fascinating pattern of questions.

The AI journey is not just a technical odyssey, but also a philosophical expedition. It's about algorithms and codes, yes, but also about values, principles, and responsibilities. It's about ensuring that AI, in all its techno-glory, remains guided by the moral compass that makes us human. 

And so, as we chart this exciting AI adventure, let's also remember to pack our ethical toolkit. Let's engage in open discussions, explore diverse perspectives, and build robust ethical frameworks. Let's ensure that our AI protagonists - from self-driving cars to robot caregivers - are not just smart, but also wise, empathetic, and responsible. Let's ensure that they can navigate not just roads and corridors, but also the complex highways of ethics and moral responsibility.

In this thrilling saga of AI and ethics, let's make sure that our technological advances do not outrun our moral responsibility. After all, in the grand narrative of innovation, AI is just a tool, an actor. The script, the story, the values - these are ours to write. And so, as we script this AI-led future, let's infuse it with ethics, responsibility, and humanity. 

Because, at the end of the day, it's not just about creating intelligent machines. It's about nurturing a world where technology and morality walk hand in hand, where innovation sparks not just awe, but also kindness, empathy, and respect. It's about crafting a world that's not just smarter, but also kinder, wiser, and ethically richer. 

So, fasten your seatbelts and put on your thinking caps, folks! The AI and ethics rollercoaster is set to take off. It promises to be a thrilling, thought-provoking ride, full of twists, turns, and tantalizing possibilities. And amidst this exhilarating journey, let's ensure that we maintain our moral responsibility, steering our technological advances towards a future that's bright, responsible, and ethically sound.</p>",,"2023-11-28 19:20:35","the-ethics-of-ai-balancing-technological-advances-with-moral-responsibility","ifaz_01","publish",,"standard","open","open",,,,,"0",,,,,,"default",,,"default",,,,"0","default","default",,,,"1","0","0","0","0",,,"large",,"Uncategorized",,,,,,,,,,,,,,,,,,,,,,,,,,,,,,,,,,,,,,,,,,,,,,
